model,variant,latent_channels,residual_blocks,power_normalization,train_snrs,train_channel,snr_db,samples,parameters,bandwidth_ratio,training_seconds,mse_mean,mse_std,psnr_mean,psnr_std,ssim_mean,ssim_std,inference_ms_mean,inference_ms_std
baseline_c16_random,baseline,16,0,False,-10.0/-5.0/0.0/5.0/10.0,awgn,-10,20,72243,0.16666666666666666,8.023359400000118,0.013524191081523895,0.0014449994049820056,18.712860202789308,0.47030803866621423,0.32466034442186353,0.057367367445151224,12.715805000038927,45.80541667891899
baseline_c16_random,baseline,16,0,False,-10.0/-5.0/0.0/5.0/10.0,awgn,-5,20,72243,0.16666666666666666,8.023359400000118,0.009476864361204207,0.0017501882027918865,20.303039360046387,0.7964429600383902,0.4421960607171059,0.09948510786073496,2.6852400000279886,1.4286776002559354
baseline_c16_random,baseline,16,0,False,-10.0/-5.0/0.0/5.0/10.0,awgn,0,20,72243,0.16666666666666666,8.023359400000118,0.007888605422340333,0.0017839095185639032,21.133885383605957,0.9707737701124345,0.5037677317857743,0.11927757128554964,2.37025999999787,1.267790166338406
baseline_c16_random,baseline,16,0,False,-10.0/-5.0/0.0/5.0/10.0,awgn,5,20,72243,0.16666666666666666,8.023359400000118,0.007315332861617207,0.0017965770952021434,21.48048496246338,1.055686292035818,0.5323735013604164,0.12817052309952465,2.48722000003454,1.3855689945250795
baseline_c16_random,baseline,16,0,False,-10.0/-5.0/0.0/5.0/10.0,awgn,10,20,72243,0.16666666666666666,8.023359400000118,0.007131915702484548,0.0018123057125497713,21.59964303970337,1.0934010316710852,0.5436921417713165,0.13198063197651927,2.7990850000151113,1.5202353672434514
improved_c8_random,improved,8,1,True,-10.0/-5.0/0.0/5.0/10.0,awgn,-10,20,65579,0.08333333333333333,11.499281299999893,0.011187795549631119,0.0016881995397782178,19.559829711914062,0.658615306136097,0.42503206729888915,0.06579359336306849,14.496649999978217,47.88817694133433
improved_c8_random,improved,8,1,True,-10.0/-5.0/0.0/5.0/10.0,awgn,-5,20,65579,0.08333333333333333,11.499281299999893,0.007180743594653904,0.0016337096692570971,21.54495687484741,0.9871359045763104,0.5310485199093818,0.09088760275039226,3.793684999936886,2.211256818424028
improved_c8_random,improved,8,1,True,-10.0/-5.0/0.0/5.0/10.0,awgn,0,20,65579,0.08333333333333333,11.499281299999893,0.005732469027861953,0.0016140322571135584,22.581019401550293,1.2273003708539512,0.5943346127867699,0.10496026187605824,3.5856149999744957,2.1816614396445426
improved_c8_random,improved,8,1,True,-10.0/-5.0/0.0/5.0/10.0,awgn,5,20,65579,0.08333333333333333,11.499281299999893,0.005261373752728104,0.0015790572557141584,22.975842666625976,1.3076422484517063,0.6251506596803665,0.11043635166877092,3.5114150000254085,1.9073613974310308
improved_c8_random,improved,8,1,True,-10.0/-5.0/0.0/5.0/10.0,awgn,10,20,65579,0.08333333333333333,11.499281299999893,0.005112844158429652,0.0015804724053821064,23.11263589859009,1.352035987997363,0.6370519801974297,0.11267400125850799,3.0964700000367884,1.6929882702057417
improved_c16_random,improved,16,1,True,-10.0/-5.0/0.0/5.0/10.0,awgn,-10,20,81779,0.16666666666666666,10.16456049999988,0.008431477472186089,0.0018235894359942288,20.83790397644043,0.9416493376946931,0.502982921898365,0.08054891728186488,13.35724499999742,45.414869214422765
improved_c16_random,improved,16,1,True,-10.0/-5.0/0.0/5.0/10.0,awgn,-5,20,81779,0.16666666666666666,10.16456049999988,0.005576677713543176,0.0014732723056254504,22.677602767944336,1.130338356304768,0.5992622300982475,0.09479849699112279,3.6262849999275204,1.4365585206760805
improved_c16_random,improved,16,1,True,-10.0/-5.0/0.0/5.0/10.0,awgn,0,20,81779,0.16666666666666666,10.16456049999988,0.004520905099343509,0.0012625872059637353,23.60123167037964,1.1698170905934842,0.6505370453000069,0.09618143609467149,3.2891249999693173,1.3268680185948571
improved_c16_random,improved,16,1,True,-10.0/-5.0/0.0/5.0/10.0,awgn,5,20,81779,0.16666666666666666,10.16456049999988,0.004157545859925449,0.0011601430855682697,23.96424789428711,1.1654876813462836,0.6739857614040374,0.09355771686353449,3.4854149999773654,1.7765652073300482
improved_c16_random,improved,16,1,True,-10.0/-5.0/0.0/5.0/10.0,awgn,10,20,81779,0.16666666666666666,10.16456049999988,0.004040018911473453,0.0011321749528929125,24.0895956993103,1.1676733684884963,0.6826791316270828,0.09217783444020901,3.0771449999747347,1.706283829799538
improved_c32_random,improved,32,1,True,-10.0/-5.0/0.0/5.0/10.0,awgn,-10,20,128003,0.3333333333333333,10.930949099999907,0.007023409893736243,0.0013812657660483493,21.61608180999756,0.8693513446502054,0.516393457353115,0.05414378677734835,12.977119999936804,45.82409200348333
improved_c32_random,improved,32,1,True,-10.0/-5.0/0.0/5.0/10.0,awgn,-5,20,128003,0.3333333333333333,10.930949099999907,0.004604924272280186,0.001157759816623993,23.498286628723143,1.0948472142445924,0.6281532377004624,0.07153235188249278,2.620970000066336,0.9929701645159226
improved_c32_random,improved,32,1,True,-10.0/-5.0/0.0/5.0/10.0,awgn,0,20,128003,0.3333333333333333,10.930949099999907,0.0037759375525638463,0.001001555705274994,24.371764373779296,1.1356855614477948,0.6869774162769318,0.07599893878520646,2.7453550000018367,1.2491679547912975
improved_c32_random,improved,32,1,True,-10.0/-5.0/0.0/5.0/10.0,awgn,5,20,128003,0.3333333333333333,10.930949099999907,0.0035086317802779377,0.0009330727111694448,24.689109992980956,1.124679036444575,0.713459649682045,0.07541223223693823,2.7542700000594778,1.1365530205089127
improved_c32_random,improved,32,1,True,-10.0/-5.0/0.0/5.0/10.0,awgn,10,20,128003,0.3333333333333333,10.930949099999907,0.003426229243632406,0.0009039179526824225,24.789419841766357,1.1114492018892979,0.723313745856285,0.07443463877420486,2.920375000076092,1.1455315318362316
improved_c16_fixed5,improved,16,1,True,5.0,awgn,-10,20,81779,0.16666666666666666,9.620244000000184,0.039746053889393805,0.003968569948561167,14.02906756401062,0.4561493399621924,0.19269056096673012,0.034905405948484104,14.08037000001059,47.47168977575962
improved_c16_fixed5,improved,16,1,True,5.0,awgn,-5,20,81779,0.16666666666666666,9.620244000000184,0.012683106865733863,0.0018752362193941677,19.012286853790282,0.6359992595726415,0.3852924212813377,0.03815504303700831,3.5951300000078845,1.3247609094520205
improved_c16_fixed5,improved,16,1,True,5.0,awgn,0,20,81779,0.16666666666666666,9.620244000000184,0.004233732807915658,0.0011363639366172523,23.87714252471924,1.1399104877492723,0.6213756799697876,0.01680309306903424,3.171990000009828,0.8870232501257449
improved_c16_fixed5,improved,16,1,True,5.0,awgn,5,20,81779,0.16666666666666666,9.620244000000184,0.0024657473084516825,0.0009137565830336579,26.35491523742676,1.5690176788768073,0.7500103384256362,0.04330159548505384,3.6548600000514853,1.6665809995192857
improved_c16_fixed5,improved,16,1,True,5.0,awgn,10,20,81779,0.16666666666666666,9.620244000000184,0.0021558029344305395,0.00088023055271488,27.001106548309327,1.7432453674567028,0.7878329038619996,0.05276360720125262,3.6760650000132955,1.797271898869309
